time_step,SOC_batt,p_batt_charge,p_batt_discharge,p_RES,p_curtailment,p_RES_net
0,0.5,-0.0,8565.408695727687,0.0,0.0,0.0
1,0.49643107971011347,-0.0,8476.510386552969,0.0,0.0,0.0
2,0.49289920038238305,-0.0,8387.61207737825,0.0,0.0,0.0
3,0.48940436201680876,-0.0,8298.713768203532,0.0,0.0,0.0
4,0.48594656461339064,-0.0,8293.443339094229,0.0,0.0,0.0
5,0.4824909632221014,-0.0,8288.172909984924,0.0,0.0,0.0
6,0.479037557842941,-0.0,8282.90248087562,0.0,0.0,0.0
7,0.47558634847590947,-0.0,8221.270039423829,0.0,0.0,0.0
8,0.4721608192928162,-0.0,8159.637597972036,0.0,0.0,0.0
9,0.4687609702936612,-0.0,-0.0,0.0,0.0,0.0
10,0.4687609702936612,-0.0,8072.908852820085,0.0,0.0,0.0
11,0.46539725827165285,-0.0,8047.812549119927,0.0,0.0,0.0
12,0.46204400304285287,-0.0,8022.716245419767,0.0,0.0,0.0
13,0.4587012046072613,-0.0,8030.616282369025,0.0,0.0,0.0
14,0.4553551144896076,-0.0,8038.51631931828,0.0,0.0,0.0
15,0.45200573268989164,-0.0,8046.416356267537,0.0,0.0,0.0
16,0.4486530592081135,-0.0,8112.476933854869,0.0,0.0,0.0
17,0.44527286048567394,-0.0,8178.537511442201,0.0,0.0,0.0
18,0.44186513652257303,-0.0,8244.598089029534,0.0,0.0,0.0
19,0.4384298873188107,100000.0,-0.0,0.0,0.0,0.0
20,0.4800965539854774,-0.0,-0.0,0.0,0.0,0.0
21,0.4800965539854774,100000.0,-0.0,0.0,0.0,0.0
22,0.5217632206521441,-0.0,8234.702429511697,0.0,0.0,0.0
23,0.5183320946398475,-0.0,8258.566271334295,0.0,0.0,0.0
24,0.5148910253601249,-0.0,8282.430113156892,0.0,0.0,0.0
25,0.5114400128129761,-0.0,8408.107973394108,0.0,0.0,0.0
26,0.5079366344907286,-0.0,8533.785833631324,0.0,0.0,0.0
27,0.5043808903933822,-0.0,8659.46369386854,0.0,0.0,0.0
28,0.500772780520937,-0.0,8631.253246896682,0.0,0.0,0.0
29,0.4971764250013967,-0.0,8603.042799924822,0.0,0.0,0.0
30,0.49359182383476136,100000.0,-0.0,0.0,0.0,0.0
31,0.535258490501428,100000.0,-0.0,0.0,0.0,0.0
32,0.5769251571680947,100000.0,-0.0,0.0,0.0,0.0
33,0.6185918238347613,100000.0,-0.0,0.0,0.0,0.0
34,0.6602584905014279,100000.0,-0.0,0.0,0.0,0.0
35,0.7019251571680946,-0.0,8387.452908096204,0.0,0.0,0.0
36,0.6984303851230544,-0.0,8289.184739894392,0.0,0.0,0.0
37,0.6949765581480984,-0.0,8259.75066212762,0.0,0.0,0.0
38,0.691534995372212,-0.0,8230.316584360851,0.0,0.0,0.0
39,0.6881056967953949,-0.0,8200.88250659408,0.0,0.0,0.0
40,0.6846886624176474,100000.0,-0.0,0.0,0.0,0.0
41,0.726355329084314,100000.0,-0.0,0.0,0.0,0.0
42,0.7680219957509806,-0.0,100000.0,0.0,0.0,0.0
43,0.726355329084314,100000.0,-0.0,0.0,0.0,0.0
44,0.7680219957509806,-0.0,100000.0,0.0,0.0,0.0
45,0.726355329084314,-0.0,100000.0,0.0,0.0,0.0
46,0.6846886624176474,-0.0,100000.0,0.0,0.0,0.0
47,0.6430219957509807,-0.0,100000.0,0.0,0.0,0.0
48,0.6013553290843141,-0.0,8333.993689519946,0.0,0.0,0.0
49,0.5978828317136808,-0.0,8329.765632271192,0.0,0.0,0.0
50,0.5944120960335678,-0.0,8325.53757502244,0.0,0.0,0.0
51,0.5909431220439751,-0.0,8321.309517773685,0.0,0.0,0.0
52,0.5874759097449028,-0.0,100000.0,0.0,0.0,0.0
53,0.5458092430782362,-0.0,-0.0,0.0,0.0,0.0
54,0.5458092430782362,-0.0,-0.0,0.0,0.0,0.0
55,0.5458092430782362,-0.0,-0.0,0.0,0.0,0.0
56,0.5458092430782362,-0.0,-0.0,0.0,0.0,0.0
57,0.5458092430782362,100000.0,-0.0,0.0,0.0,0.0
58,0.5874759097449028,100000.0,-0.0,0.0,0.0,0.0
59,0.6291425764115695,-0.0,8682.365197432317,0.0,0.0,0.0
60,0.6255249242459726,-0.0,8789.653018224752,0.0,0.0,0.0
61,0.6218625688217123,-0.0,8740.529702238435,0.0,0.0,0.0
62,0.6182206814457797,-0.0,8691.406386252122,0.0,0.0,0.0
63,0.6145992621181746,100000.0,-0.0,0.0,0.0,0.0
64,0.6562659287848412,100000.0,-0.0,0.0,0.0,0.0
65,0.6979325954515079,100000.0,-0.0,0.0,0.0,0.0
66,0.7395992621181745,100000.0,-0.0,0.0,0.0,0.0
67,0.7812659287848411,-0.0,100000.0,0.0,0.0,0.0
68,0.7395992621181745,100000.0,-0.0,0.0,0.0,0.0
69,0.7812659287848411,-0.0,100000.0,9.146551340867068,1.2283507544452732e-11,9.146551340854785
70,0.7395992621181745,-0.0,100000.0,32.41098193907698,4.61142235508305e-12,32.41098193907237
71,0.6979325954515079,-0.0,100000.0,55.68214879446227,-1.2143175354140112e-11,55.682148794474415
72,0.6562659287848412,-0.0,100000.0,78.93475537140279,1.3073986337985843e-12,78.93475537140148
73,0.6145992621181746,-0.0,100000.0,199.0076986012977,-8.697043085703626e-12,199.0076986013064
74,0.572932595451508,100000.0,-0.0,323.41201944704795,-8.526512829121202e-13,323.4120194470488
75,0.6145992621181746,100000.0,-0.0,451.04056886029696,-1.7053025658242404e-12,451.04056886029866
76,0.6562659287848412,100000.0,-0.0,581.1299755080938,-2.5011104298755527e-12,581.1299755080963
77,0.6979325954515079,-0.0,-0.0,713.124528833054,2.2737367544323206e-13,713.1245288330538
78,0.6979325954515079,-0.0,-0.0,846.6064185305996,-7.958078640513122e-13,846.6064185306004
79,0.6979325954515079,-0.0,-0.0,981.25423289103,5.684341886080801e-13,981.2542328910295
80,0.6979325954515079,-0.0,-0.0,1116.8162212561886,-6.821210263296962e-13,1116.8162212561892
81,0.6979325954515079,100000.0,-0.0,1253.0921696851044,7.958078640513122e-12,1253.0921696850965
82,0.7395992621181745,-0.0,27905.67322080752,1389.920713297906,-2.2737367544323206e-13,1389.9207132979063
83,0.7279718982761714,-0.0,100000.0,1527.1702082732786,-7.73070496506989e-12,1527.1702082732863
84,0.6863052316095047,100000.0,-0.0,1664.732036656391,5.6843418860808015e-12,1664.7320366563854
85,0.7279718982761714,-0.0,-0.0,1861.763665514659,-9.094947017729282e-13,1861.7636655146598
86,0.7279718982761714,-0.0,-0.0,2059.4965948345225,-9.094947017729282e-13,2059.4965948345234
87,0.7279718982761714,-0.0,-0.0,2257.755259722327,-4.547473508864641e-13,2257.7552597223275
88,0.7279718982761714,-0.0,-0.0,2456.3891844855675,-4.547473508864641e-13,2456.389184485568
89,0.7279718982761714,-0.0,-0.0,2655.268146596245,0.0,2655.268146596245
90,0.7279718982761714,-0.0,7976.51469425759,2854.278441010361,-4.547473508864641e-13,2854.2784410103613
91,0.7246483504868974,-0.0,7749.115180213478,3053.319965668733,0.0,3053.319965668733
92,0.7214195524951418,-0.0,7521.773245529785,3252.303910966691,-4.547473508864641e-13,3252.3039109666915
93,0.7182854803095043,-0.0,7294.5682576866175,3451.1509094241183,0.0,3451.1509094241183
94,0.7152460768688016,-0.0,-0.0,3649.789549482061,4.547473508864641e-13,3649.7895494820605
95,0.7152460768688016,-0.0,-0.0,3848.155154470775,4.547473508864641e-13,3848.1551544707745
96,0.7152460768688016,-0.0,-0.0,4078.369109857303,-4.547473508864641e-13,4078.3691098573036
97,0.7152460768688016,100000.0,-0.0,5127.041042068144,-1.8189894035458565e-12,5127.0410420681455
98,0.7569127435354682,-0.0,-0.0,6167.662092920966,0.0,6167.662092920966
99,0.7569127435354682,-0.0,100000.0,7197.898205963146,-6.366462912410498e-12,7197.898205963153
100,0.7152460768688016,-0.0,-0.0,8215.952501750824,0.0,8215.952501750824
101,0.7152460768688016,100000.0,-0.0,9220.40609208837,-3.637978807091713e-12,9220.406092088373
102,0.7569127435354682,-0.0,1281.9564360393033,10210.125837894026,0.0,10210.125837894026
103,0.7563785950204518,-0.0,279.760568439262,11184.20643622344,0.0,11184.20643622344
104,0.7562620281169354,706.0795334300528,-0.0,12141.931268822123,0.0,12141.931268822123
105,0.7565562279225313,1675.0081550641407,-0.0,13082.74462118558,0.0,13082.74462118558
106,0.7572541479871414,2590.0448308609266,-0.0,14006.231205334085,0.0,14006.231205334085
107,0.7583333333333334,100000.0,-0.0,14912.100553649489,0.0,14912.100553649489
108,0.8,-0.0,100000.0,15800.174930542147,-5.4569682106375694e-12,15800.174930542153
109,0.7583333333333334,-0.0,100000.0,15238.096899790202,3.637978807091713e-12,15238.096899790198
110,0.7166666666666668,100000.0,-0.0,14689.84731112483,0.0,14689.84731112483
111,0.7583333333333334,100000.0,-0.0,14155.482638756324,-3.637978807091713e-12,14155.482638756328
112,0.8,-0.0,100000.0,13634.985643783322,-5.4569682106375694e-12,13634.985643783328
113,0.7583333333333334,-0.0,100000.0,13128.263793988464,0.0,13128.263793988464
114,0.7166666666666668,1448.4380875973911,-0.0,12635.147683217536,0.0,12635.147683217536
115,0.717270182536499,1052.0287029346473,-0.0,12155.389560866368,0.0,12155.389560866368
116,0.7177085278293884,668.6499200749986,-0.0,11688.662040318295,0.0,11688.662040318295
117,0.717987131962753,297.89364282796123,-0.0,11234.557025382835,0.0,11234.557025382835
118,0.7181112543139313,-0.0,99999.99999999999,10792.584988661874,-5.4569682106375694e-12,10792.58498866188
119,0.6764445876472647,-0.0,100000.0,10362.17462061488,-1.8189894035458565e-12,10362.174620614882
120,0.634777920980598,-0.0,100000.0,9942.672920714256,3.637978807091713e-12,9942.672920714253
121,0.5931112543139314,-0.0,100000.0,10093.145497814025,3.637978807091713e-12,10093.145497814021
122,0.5514445876472648,-0.0,100000.0,10242.314692044589,7.275957614183426e-12,10242.314692044582
123,0.5097779209805982,100000.0,-0.0,10389.99031380651,3.637978807091713e-12,10389.990313806506
124,0.5514445876472648,-0.0,100000.0,10535.976865584127,-3.637978807091713e-12,10535.97686558413
125,0.5097779209805982,-0.0,99999.99999999999,10680.074924993012,-3.637978807091713e-12,10680.074924993016
126,0.46811125431393147,977.3291455493036,-0.0,10822.082756520003,0.0,10822.082756520003
127,0.4685184747912437,1147.2610191777985,-0.0,10961.798207086971,0.0,10961.798207086971
128,0.4689965002159011,1314.6997032947475,-0.0,11099.020468142391,0.0,11099.020468142391
129,0.4695442917589406,1479.447936398372,-0.0,11233.552278184492,0.0,11233.552278184492
130,0.47016072839910655,1637.6065448162171,-0.0,11365.20203106176,0.0,11365.20203106176
131,0.4708430644594466,-0.0,100000.0,11493.78601003166,3.637978807091713e-12,11493.786010031656
132,0.42917639779277994,-0.0,100000.0,11619.13058217545,-1.8189894035458565e-12,11619.130582175452
133,0.38750973112611325,-0.0,100000.0,11666.907286833137,-1.8189894035458565e-12,11666.907286833139
134,0.34584306445944657,2157.401964791954,-0.0,11711.117142105662,0.0,11711.117142105662
135,0.34674198194477657,2258.372370273004,-0.0,11751.656248661371,0.0,11751.656248661371
136,0.3476829704323903,2301.964904301947,-0.0,11788.43870218536,0.0,11788.43870218536
137,0.34864212247584947,2341.734146260409,-0.0,11821.397863638866,0.0,11821.397863638866
138,0.34961784503679133,2377.633480750339,-0.0,11850.48711762384,0.0,11850.48711762384
139,0.35060852565377065,2370.7460752621246,-0.0,11875.680459269845,0.0,11875.680459269845
140,0.3515963365184632,2359.9575781049934,-0.0,11896.97270924693,0.0,11896.97270924693
141,0.35257965217600695,2345.2835231108274,-0.0,11914.37940138698,0.0,11914.37940138698
142,0.35355685364396977,2258.5632098138685,-0.0,11927.936362541432,0.0,11927.936362541432
143,0.3544979216480589,2168.0485699078326,-0.0,11937.698997086804,0.0,11937.698997086804
144,0.3554012752188538,2073.8135655704864,-0.0,11943.74126720087,0.0,11943.74126720087
145,0.35626536420450816,2335.729971846782,-0.0,12239.431555129791,0.0,12239.431555129791
146,0.357238585026111,-0.0,100000.0,12533.859188485503,1.8189894035458565e-12,12533.859188485501
147,0.3155719183594443,-0.0,100000.0,12827.703945779447,0.0,12827.703945779447
148,0.27390525169277763,-0.0,100000.0,13121.642992113371,1.8189894035458565e-12,13121.64299211337
149,0.23223858502611094,-0.0,-0.0,13416.34696038436,0.0,13416.34696038436
150,0.23223858502611094,-0.0,37372.60406266584,13712.476051647482,0.0,13712.476051647482
151,0.21666666666666684,100000.0,-0.0,14010.676679895656,3.637978807091713e-12,14010.676679895652
152,0.2583333333333335,100000.0,-0.0,14311.57817324866,-7.275957614183426e-12,14311.578173248667
153,0.3000000000000002,100000.0,-0.0,14615.78978600604,-1.8189894035458565e-12,14615.789786006042
154,0.3416666666666669,100000.0,-0.0,14923.89824268252,7.275957614183426e-12,14923.898242682513
155,0.3833333333333336,-0.0,-0.0,15236.465325798124,5985.256730572641,9251.208595225484
156,0.3833333333333336,-0.0,-0.0,15554.02605212322,6337.4703326477265,9216.555719475493
157,0.3833333333333336,-0.0,-0.0,15413.30566145526,6161.376115264638,9251.929546190622
158,0.3833333333333336,-0.0,-0.0,15274.671397351362,5987.368024445606,9287.303372905755
159,0.3833333333333336,-0.0,100000.0,15138.244837355103,-1.8189894035458565e-12,15138.244837355105
160,0.3416666666666669,-0.0,100000.0,15004.126154606509,-5.4569682106375694e-12,15004.126154606514
161,0.3000000000000002,-0.0,100000.0,14872.393823232402,7.275957614183426e-12,14872.393823232394
162,0.2583333333333335,-0.0,100000.0,14743.104810192448,-3.637978807091713e-12,14743.104810192452
163,0.21666666666666684,-0.0,-0.0,14616.294540777104,0.0,14616.294540777104
164,0.21666666666666684,100000.0,-0.0,14491.976932781829,-1.8189894035458565e-12,14491.97693278183
165,0.2583333333333335,100000.0,-0.0,14370.144373146486,3.637978807091713e-12,14370.144373146482
166,0.3000000000000002,100000.0,-0.0,14250.767598569257,3.637978807091713e-12,14250.767598569253
167,0.3416666666666669,100000.0,-0.0,14133.795411390458,-7.275957614183426e-12,14133.795411390465
168,0.3833333333333336,100000.0,-0.0,14019.154172512555,-3.637978807091713e-12,14019.154172512559
169,0.42500000000000027,100000.0,-0.0,13741.414568186608,1.8189894035458565e-12,13741.414568186607
170,0.46666666666666695,100000.0,-0.0,13456.554768036312,-3.637978807091713e-12,13456.554768036316
171,0.5083333333333336,100000.0,-0.0,13164.484663329093,0.0,13164.484663329093
172,0.5500000000000003,100000.0,-0.0,12865.114421236114,-3.637978807091713e-12,12865.114421236118
173,0.5916666666666669,100000.0,-0.0,12558.353787485848,5.4569682106375694e-12,12558.353787485843
174,0.6333333333333335,100000.0,-0.0,12244.11126447528,5.4569682106375694e-12,12244.111264475274
175,0.6750000000000002,100000.0,-0.0,11922.292915725522,-5.4569682106375694e-12,11922.292915725528
176,0.7166666666666668,100000.0,-0.0,11592.80149924198,1.8189894035458565e-12,11592.801499241978
177,0.7583333333333334,100000.0,-0.0,11255.534685775803,7.275957614183426e-12,11255.534685775796
178,0.8,-0.0,52610.240009749534,10910.383580418173,0.0,10910.383580418173
179,0.7780790666626044,-0.0,-0.0,10557.230725790045,0.0,10557.230725790045
180,0.7780790666626044,-0.0,-0.0,10218.449299679573,953.7027377064824,9264.74656197309
181,0.7780790666626044,-0.0,-0.0,10016.129983737796,784.8480323326039,9231.281951405192
182,0.7780790666626044,-0.0,-0.0,9810.905913066295,0.0,9810.905913066295
183,0.7780790666626044,-0.0,100000.0,9602.757436392354,1.0913936421275139e-11,9602.757436392343
184,0.7364123999959378,100000.0,-0.0,9391.659711502753,3.637978807091713e-12,9391.659711502749
185,0.7780790666626044,-0.0,100000.0,9177.581783100071,-1.0913936421275139e-11,9177.581783100082
186,0.7364123999959378,-0.0,100000.0,8960.48555292446,0.0,8960.48555292446
187,0.6947457333292711,-0.0,100000.0,8740.324444831165,5.4569682106375694e-12,8740.32444483116
188,0.6530790666626045,-0.0,100000.0,8517.041836221018,-3.637978807091713e-12,8517.041836221022
189,0.6114123999959379,-0.0,100000.0,8290.569070387255,3.637978807091713e-12,8290.569070387251
190,0.5697457333292713,-0.0,100000.0,8060.823045691069,-9.094947017729282e-13,8060.82304569107
191,0.5280790666626046,-0.0,100000.0,7827.703172478481,0.0,7827.703172478481
192,0.48641239999593794,100000.0,-0.0,7591.087550174206,9.094947017729282e-13,7591.087550174205
193,0.5280790666626046,-0.0,100000.0,7170.291615567447,-7.275957614183426e-12,7170.291615567454
194,0.48641239999593794,-0.0,100000.0,6745.632773701385,-1.0913936421275139e-11,6745.632773701396
195,0.44474573332927125,-0.0,100000.0,6317.475898734659,-4.547473508864641e-12,6317.475898734663
196,0.40307906666260457,-0.0,100000.0,5886.2138192653365,-3.637978807091713e-12,5886.21381926534
197,0.3614123999959379,-0.0,100000.0,5452.275321595883,4.547473508864641e-12,5452.275321595878
198,0.3197457333292712,-0.0,9608.0655207208,5016.136259795166,5016.136259795166,0.0
199,0.31574237269563754,-0.0,9589.296064282204,4578.335265244647,4578.335265244647,0.0
200,0.3117468326688533,-0.0,9570.526607843609,4139.496302865708,4139.496302865708,0.0
201,0.30775911324891847,-0.0,9551.757151405016,3700.361638867028,3700.361638867028,0.0
202,0.30377921443583306,-0.0,9618.090007579656,3261.840923075513,3261.840923075513,0.0
203,0.29977167693267487,-0.0,9684.422863754296,2825.085890472211,2825.085890472211,0.0
204,0.2957365007394439,100000.0,-0.0,2391.6065351854654,-5.002220859751105e-12,2391.6065351854704
205,0.3374031674061106,100000.0,-0.0,2133.985619882642,5.4569682106375694e-12,2133.9856198826365
206,0.3790698340727773,100000.0,-0.0,1872.6491529195905,-3.183231456205249e-12,1872.6491529195937
207,0.42073650073944396,-0.0,10471.94313149102,1606.9379514824668,1606.9379514824668,0.0
208,0.4163731911013227,-0.0,10508.837857483002,1349.3869222365286,1349.3869222365286,0.0
209,0.4119945086607048,-0.0,10545.732583474984,1191.7384513173756,1191.7384513173756,0.0
210,0.4076004534175902,-0.0,10582.627309466969,1035.788312957015,1035.788312957015,0.0
211,0.403191025371979,-0.0,10672.52143870867,882.5670685327102,882.5670685327102,0.0
212,0.3987441414391837,-0.0,10762.415567950376,734.6683138805622,734.6683138805622,0.0
213,0.3942598016192044,-0.0,10852.30969719208,590.2305751319919,590.2305751319919,0.0
214,0.389738005912041,-0.0,10822.071822773973,391.7118857862082,391.7118857862082,0.0
215,0.3852288093192185,100000.0,-0.0,0.0,0.0,0.0
216,0.4268954759858852,100000.0,-0.0,0.0,0.0,0.0
217,0.46856214265255186,100000.0,-0.0,0.0,0.0,0.0
218,0.5102288093192185,100000.0,-0.0,0.0,0.0,0.0
219,0.5518954759858852,100000.0,-0.0,0.0,0.0,0.0
220,0.5935621426525518,-0.0,-0.0,0.0,0.0,0.0
221,0.5935621426525518,100000.0,-0.0,0.0,0.0,0.0
222,0.6352288093192184,100000.0,-0.0,0.0,0.0,0.0
223,0.6768954759858851,-0.0,-0.0,0.0,0.0,0.0
224,0.6768954759858851,-0.0,-0.0,0.0,0.0,0.0
225,0.6768954759858851,-0.0,-0.0,0.0,0.0,0.0
226,0.6768954759858851,-0.0,-0.0,0.0,0.0,0.0
227,0.6768954759858851,-0.0,10044.591530436575,0.0,0.0,0.0
228,0.6727102295148698,-0.0,9976.64351188286,0.0,0.0,0.0
229,0.668553294718252,-0.0,9961.36709061386,0.0,0.0,0.0
230,0.6644027250971629,100000.0,-0.0,0.0,0.0,0.0
231,0.7060693917638295,100000.0,-0.0,0.0,0.0,0.0
232,0.7477360584304962,-0.0,-0.0,0.0,0.0,0.0
233,0.7477360584304962,100000.0,-0.0,0.0,0.0,0.0
234,0.7894027250971628,-0.0,100000.0,0.0,0.0,0.0
235,0.7477360584304962,-0.0,-0.0,0.0,0.0,0.0
236,0.7477360584304962,-0.0,-0.0,0.0,0.0,0.0
237,0.7477360584304962,-0.0,-0.0,0.0,0.0,0.0
238,0.7477360584304962,-0.0,-0.0,0.0,0.0,0.0
239,0.7477360584304962,-0.0,-0.0,0.0,0.0,0.0
240,0.7477360584304962,-0.0,8245.808281848706,0.0,0.0,0.0
241,0.7443003049797259,-0.0,8136.486057928923,0.0,0.0,0.0
242,0.7409101024555889,-0.0,8027.163834009144,0.0,0.0,0.0
243,0.737565450858085,-0.0,7917.841610089364,0.0,0.0,0.0
244,0.7342663501872144,-0.0,-0.0,0.0,0.0,0.0
245,0.7342663501872144,-0.0,-0.0,0.0,0.0,0.0
246,0.7342663501872144,-0.0,-0.0,0.0,0.0,0.0
247,0.7342663501872144,-0.0,-0.0,0.0,0.0,0.0
248,0.7342663501872144,-0.0,-0.0,0.0,0.0,0.0
249,0.7342663501872144,-0.0,-0.0,0.0,0.0,0.0
250,0.7342663501872144,-0.0,-0.0,0.0,0.0,0.0
251,0.7342663501872144,-0.0,-0.0,0.0,0.0,0.0
252,0.7342663501872144,-0.0,-0.0,0.0,0.0,0.0
253,0.7342663501872144,-0.0,-0.0,0.0,0.0,0.0
254,0.7342663501872144,-0.0,-0.0,0.0,0.0,0.0
255,0.7342663501872144,-0.0,-0.0,0.0,0.0,0.0
256,0.7342663501872144,-0.0,-0.0,0.0,0.0,0.0
257,0.7342663501872144,-0.0,-0.0,0.0,0.0,0.0
258,0.7342663501872144,-0.0,-0.0,0.0,0.0,0.0
259,0.7342663501872144,-0.0,-0.0,0.0,0.0,0.0
260,0.7342663501872144,-0.0,-0.0,0.0,0.0,0.0
261,0.7342663501872144,-0.0,-0.0,0.0,0.0,0.0
262,0.7342663501872144,-0.0,-0.0,0.0,0.0,0.0
263,0.7342663501872144,-0.0,7345.742008766333,0.0,0.0,0.0
264,0.7312056243502284,-0.0,7232.431252967876,0.0,0.0,0.0
265,0.7281921113281584,-0.0,7079.775223087252,0.0,0.0,0.0
266,0.7252422049852054,-0.0,6927.1191932066295,0.0,0.0,0.0
267,0.7223559053213693,-0.0,6774.463163326006,0.0,0.0,0.0
268,0.7195332123366501,-0.0,6711.711001672748,0.0,0.0,0.0
269,0.7167366660859531,-0.0,-0.0,0.0,0.0,0.0
270,0.7167366660859531,-0.0,-0.0,0.0,0.0,0.0
271,0.7167366660859531,-0.0,-0.0,0.0,0.0,0.0
272,0.7167366660859531,-0.0,100000.0,0.0,0.0,0.0
273,0.6750699994192865,-0.0,100000.0,0.0,0.0,0.0
274,0.6334033327526198,-0.0,100000.0,0.0,0.0,0.0
275,0.5917366660859532,-0.0,6681.129367965353,0.0,0.0,0.0
276,0.5889528621826343,-0.0,6740.548686247695,0.0,0.0,0.0
277,0.5861443002300311,-0.0,6746.320552074591,0.0,0.0,0.0
278,0.5833333333333333,-0.0,100000.0,0.0,0.0,0.0
279,0.5416666666666666,-0.0,100000.0,0.0,0.0,0.0
280,0.5,-0.0,-0.0,0.0,0.0,0.0
281,0.5,-0.0,-0.0,0.0,0.0,0.0
282,0.5,-0.0,-0.0,0.0,0.0,0.0
283,0.5,-0.0,-0.0,0.0,0.0,0.0
284,0.5,-0.0,-0.0,0.0,0.0,0.0
285,0.5,-0.0,-0.0,0.0,0.0,0.0
286,0.5,-0.0,-0.0,0.0,0.0,0.0
287,0.5,-0.0,-0.0,0.0,0.0,0.0
288,0.5,2527.7181828152525,0.0,0.0,0.0,0.0
289,0.5010532159095064,0.0,0.0,0.0,0.0,0.0
290,0.5010532159095064,0.0,0.0,0.0,0.0,0.0
291,0.5010532159095064,0.0,0.0,0.0,0.0,0.0
292,0.5010532159095064,0.0,0.0,0.0,0.0,0.0
293,0.5010532159095064,0.0,0.0,0.0,0.0,0.0
294,0.5010532159095064,0.0,0.0,0.0,0.0,0.0
295,0.5010532159095064,0.0,0.0,0.0,0.0,0.0
296,0.5010532159095064,0.0,0.0,0.0,0.0,0.0
297,0.5010532159095064,0.0,0.0,0.0,0.0,0.0
298,0.5010532159095064,0.0,0.0,0.0,0.0,0.0
299,0.5010532159095064,0.0,0.0,0.0,0.0,0.0
300,0.5010532159095064,0.0,0.0,0.0,0.0,0.0
301,0.5010532159095064,0.0,0.0,0.0,0.0,0.0
302,0.5010532159095064,0.0,0.0,0.0,0.0,0.0
303,0.5010532159095064,100000.0,0.0,0.0,0.0,0.0
304,0.542719882576173,100000.0,0.0,0.0,0.0,0.0
305,0.5843865492428396,100000.0,0.0,0.0,0.0,0.0
306,0.6260532159095062,100000.0,0.0,0.0,0.0,0.0
307,0.6677198825761729,100000.0,0.0,0.0,0.0,0.0
308,0.7093865492428395,100000.0,0.0,0.0,0.0,0.0
309,0.7510532159095061,0.0,0.0,0.0,0.0,0.0
310,0.7510532159095061,0.0,0.0,0.0,0.0,0.0
311,0.7510532159095061,0.0,0.0,0.0,0.0,0.0
312,0.7510532159095061,0.0,0.0,0.0,0.0,0.0
313,0.7510532159095061,0.0,0.0,0.0,0.0,0.0
314,0.7510532159095061,0.0,0.0,0.0,0.0,0.0
315,0.7510532159095061,0.0,0.0,0.0,0.0,0.0
316,0.7510532159095061,0.0,0.0,0.0,0.0,0.0
317,0.7510532159095061,0.0,0.0,0.0,0.0,0.0
318,0.7510532159095061,0.0,0.0,0.0,0.0,0.0
319,0.7510532159095061,0.0,0.0,0.0,0.0,0.0
320,0.7510532159095061,0.0,0.0,0.0,0.0,0.0
321,0.7510532159095061,0.0,0.0,0.0,0.0,0.0
322,0.7510532159095061,0.0,0.0,0.0,0.0,0.0
323,0.7510532159095061,0.0,0.0,0.0,0.0,0.0
324,0.7510532159095061,0.0,0.0,0.0,0.0,0.0
325,0.7510532159095061,0.0,0.0,0.0,0.0,0.0
326,0.7510532159095061,0.0,0.0,0.0,0.0,0.0
327,0.7510532159095061,0.0,0.0,0.0,0.0,0.0
328,0.7510532159095061,0.0,0.0,0.0,0.0,0.0
329,0.7510532159095061,0.0,0.0,0.0,0.0,0.0
330,0.7510532159095061,0.0,0.0,0.0,0.0,0.0
331,0.7510532159095061,0.0,0.0,0.0,0.0,0.0
332,0.7510532159095061,0.0,0.0,0.0,0.0,0.0
333,0.7510532159095061,0.0,0.0,0.0,0.0,0.0
334,0.7510532159095061,0.0,0.0,0.0,0.0,0.0
335,0.7510532159095061,0.0,0.0,0.0,0.0,0.0
336,0.7510532159095061,0.0,0.0,0.0,0.0,0.0
337,0.7510532159095061,0.0,0.0,0.0,0.0,0.0
338,0.7510532159095061,100000.0,0.0,0.0,0.0,0.0
339,0.7927198825761728,0.0,0.0,0.0,0.0,0.0
340,0.7927198825761728,0.0,0.0,0.0,0.0,0.0
341,0.7927198825761728,0.0,0.0,0.0,0.0,0.0
342,0.7927198825761728,0.0,0.0,0.0,0.0,0.0
343,0.7927198825761728,0.0,0.0,0.0,0.0,0.0
344,0.7927198825761728,0.0,0.0,0.0,0.0,0.0
345,0.7927198825761728,0.0,0.0,0.0,0.0,0.0
346,0.7927198825761728,0.0,0.0,0.0,0.0,0.0
347,0.7927198825761728,0.0,0.0,0.0,0.0,0.0
348,0.7927198825761728,0.0,0.0,0.0,0.0,0.0
349,0.7927198825761728,0.0,0.0,0.0,0.0,0.0
350,0.7927198825761728,0.0,0.0,0.0,0.0,0.0
351,0.7927198825761728,0.0,0.0,0.0,0.0,0.0
352,0.7927198825761728,0.0,0.0,0.0,0.0,0.0
353,0.7927198825761728,0.0,0.0,0.0,0.0,0.0
354,0.7927198825761728,0.0,6074.210585593516,0.0,0.0,0.0
355,0.7901889614988421,0.0,6070.64651539981,7.270535910482803,-1.7408297026122455e-13,7.270535910482977
356,0.7876595254507589,0.0,6042.494950864049,39.12856616301932,2.6290081223123707e-13,39.12856616301906
357,0.7851418192212322,0.0,6014.068281209677,71.26170153416729,-2.2737367544323206e-13,71.26170153416751
358,0.7826359574373948,0.0,100000.0,103.54648185669429,-3.652189661806915e-12,103.54648185669794
359,0.7409692907707282,0.0,100000.0,135.91082770147457,-1.9895196601282805e-13,135.91082770147477
360,0.6993026241040615,0.0,100000.00000000001,168.31198730079402,1.2249756764504127e-11,168.31198730078177
361,0.6576359574373949,0.0,100000.0,618.6815539035479,2.7284841053187847e-12,618.6815539035451
362,0.6159692907707283,0.0,100000.0,1101.3134355728123,1.5916157281026244e-12,1101.3134355728107
363,0.5743026241040616,100000.0,0.0,1607.1755648621877,-3.410605131648481e-12,1607.175564862191
364,0.6159692907707283,0.0,4088.2623664714165,2130.438648471766,0.0,2130.438648471766
365,0.6142658481180319,0.0,3456.6892636173366,2666.769020526692,0.0,2666.769020526692
366,0.612825560924858,0.0,2815.457253704527,3212.758299640348,0.0,3212.758299640348
367,0.6116524537358144,0.0,2370.113718234961,3765.636867899202,0.0,3765.636867899202
368,0.6106649063532166,0.0,1920.1844659900135,4323.101152933437,0.0,4323.101152933437
369,0.6098648294923874,0.0,1467.6214305893527,4883.1992211233855,0.0,4883.1992211233855
370,0.6092533205629752,0.0,909.1134835090052,5444.2507963644985,0.0,5444.2507963644985
371,0.6088745232781798,100000.0,0.0,6004.789340470887,1.2732925824820995e-11,6004.789340470874
372,0.6505411899448464,100000.0,0.0,6563.51907319287,-4.547473508864641e-12,6563.519073192874
373,0.6922078566115131,100000.0,0.0,7083.237697663026,-7.275957614183426e-12,7083.237697663033
374,0.7338745232781797,100000.0,0.0,7598.683229480244,0.0,7598.683229480244
375,0.7755411899448463,1481.7411372294664,0.0,8109.024144562184,0.0,8109.024144562184
376,0.7761585820853586,2059.9510168573133,0.0,8613.494572506443,0.0,8613.494572506443
377,0.7770168950090491,2631.5801557190334,0.0,9111.384259684575,0.0,9111.384259684575
378,0.7781133867405987,3195.965886181335,0.0,9602.030538463288,0.0,9602.030538463288
379,0.7794450391931743,3693.11432930287,0.0,10084.811728143428,0.0,10084.811728143428
380,0.7809838368303839,4181.81160089601,0.0,10559.141746295172,0.0,10559.141746295172
381,0.7827262583307572,4661.50276183436,0.0,11024.465653792127,0.0,11024.465653792127
382,0.7846685511481881,5192.834642889973,0.0,11480.255829669042,0.0,11480.255829669042
383,0.7868322322493922,0.0,0.0,11929.143647253017,5717.264165652647,6211.87948160037
384,0.7868322322493922,0.0,0.0,12406.27091097648,6269.933134554808,6136.337776421672
385,0.7868322322493922,0.0,0.0,13350.551116071145,7170.083460931766,6180.467655139379
386,0.7868322322493922,8046.9241293356445,0.0,14271.52166319273,0.0,14271.52166319273
387,0.7901851173032821,0.0,0.0,15169.37649277789,8900.649080203097,6268.727412574793
388,0.7901851173032821,0.0,0.0,16044.348694362585,9720.35703607876,6323.991658283824
389,0.7901851173032821,0.0,0.0,16896.709082693367,10517.45317870051,6379.255903992857
390,0.7901851173032821,0.0,0.0,17726.765810823443,11292.245661121553,6434.520149701889
391,0.7901851173032821,0.0,0.0,18534.8645313211,12145.336824455211,6389.527706865887
392,0.7901851173032821,0.0,0.0,19321.3891844086,12976.853920378715,6344.535264029885
393,0.7901851173032821,0.0,0.0,20086.762852661646,13787.220031467763,6299.542821193883
394,0.7901851173032821,0.0,0.0,20831.44904598794,14446.069135702202,6385.379910285739
395,0.7901851173032821,0.0,0.0,21555.952853195,15084.735853817405,6471.216999377596
396,0.7901851173032821,0.0,0.0,22260.822417524687,15703.768329055234,6557.054088469452
397,0.7901851173032821,0.0,0.0,22210.51681220138,15629.470112162428,6581.04670003895
398,0.7901851173032821,0.0,0.0,22161.85602552308,15556.816713914634,6605.039311608447
399,0.7901851173032821,0.0,0.0,22115.02623749608,15485.994314318135,6629.031923177945
400,0.7901851173032821,0.0,0.0,22070.222748064945,15405.96635361914,6664.256394445805
401,0.7901851173032821,0.0,0.0,22027.649316345643,15328.16845063198,6699.480865713665
402,0.7901851173032821,0.0,0.0,21987.517171360945,15252.81183437942,6734.705336981525
403,0.7901851173032821,0.0,0.0,21950.044436628225,15147.162499584681,6802.881937043543
404,0.7901851173032821,0.0,0.0,21915.454436777145,15044.395899671585,6871.05853710556
405,0.7901851173032821,0.0,0.0,21883.975718426216,14944.740581258637,6939.235137167579
406,0.7901851173032821,0.0,0.0,21855.84107544548,14949.309696783042,6906.53137866244
407,0.7901851173032821,0.0,0.0,21831.28502995572,14957.457409798419,6873.827620157303
408,0.7901851173032821,0.0,0.0,21810.545119325245,14969.42125767308,6841.123861652164
409,0.7901851173032821,0.0,0.0,21822.2408462512,15015.24521261442,6806.99563363678
410,0.7901851173032821,0.0,0.0,21836.65067846752,15063.783272846125,6772.867405621393
411,0.7901851173032821,0.0,0.0,21854.11550843965,15115.376330833642,6738.739177606008
412,0.7901851173032821,0.0,0.0,21874.98311148012,15186.054726888582,6688.928384591537
413,0.7901851173032821,0.0,0.0,21899.60648957073,15260.488897993666,6639.117591577066
414,0.7901851173032821,0.0,0.0,21928.342409235087,15339.035610672492,6589.306798562595
415,0.7901851173032821,0.0,0.0,21961.54965737289,15298.77554184448,6662.77411552841
416,0.7901851173032821,0.0,0.0,21999.587476495155,15263.34604400093,6736.241432494225
417,0.7901851173032821,15233.104407024062,0.0,22042.813156484102,0.0,22042.813156484102
418,0.7965322441395422,0.0,0.0,22091.581105883324,15254.735084853557,6836.846021029768
419,0.7965322441395422,0.0,0.0,22146.240253736123,15282.256961136627,6863.983292599496
420,0.7965322441395422,0.0,0.0,22207.13222871534,15316.011664546118,6891.120564169223
421,0.7965322441395422,0.0,0.0,22201.121196767424,15332.779670129697,6868.341526637726
422,0.7965322441395422,0.0,0.0,22202.68262621208,15357.120137105852,6845.562489106229
423,0.7965322441395422,0.0,0.0,22211.89978508864,15389.11633351391,6822.783451574732
424,0.7965322441395422,0.0,0.0,22228.838681166253,15404.014499004836,6824.824182161417
425,0.7965322441395422,0.0,0.0,22253.548608348487,15426.683695600383,6826.864912748103
426,0.7965322441395422,0.0,0.0,22286.060822847383,15457.155179512596,6828.905643334788
427,0.7965322441395422,0.0,0.0,22326.389763197887,15511.256170416225,6815.133592781661
428,0.7965322441395422,0.0,0.0,22374.531830357453,15573.17028812892,6801.361542228534
429,0.7965322441395422,0.0,0.0,22430.46703734658,15642.877545671174,6787.589491675407
430,0.7965322441395422,0.0,0.0,22494.15852511893,15688.075861357396,6806.082663761535
431,0.7965322441395422,0.0,0.0,22565.553281546006,15740.977445698345,6824.575835847661
432,0.7965322441395422,0.0,0.0,22644.582871442915,15801.513863509126,6843.069007933789
433,0.7965322441395422,0.0,0.0,22444.37648149884,15390.99346682835,7053.3830146704895
434,0.7965322441395422,0.0,0.0,22244.8561846142,14981.15916320701,7263.69702140719
435,0.7965322441395422,0.0,0.0,22044.59383446785,14570.58280632396,7474.01102814389
436,0.7965322441395422,0.0,0.0,21842.12482893418,14299.21894377757,7542.905885156607
437,0.7965322441395422,0.0,0.0,21635.954760078377,14024.154017909053,7611.800742169324
438,0.7965322441395422,0.0,0.0,21424.564839514984,13743.869240332944,7680.69559918204
439,0.7965322441395422,0.0,0.0,21206.41653667247,13584.543989749294,7621.872546923176
440,0.7965322441395422,0.0,0.0,20979.9547541935,13416.905259529187,7563.049494664311
441,0.7965322441395422,0.0,0.0,20743.6111921293,13239.384749723857,7504.226442405446
442,0.7965322441395422,0.0,0.0,20495.805832751463,13032.563612084514,7463.242220666949
443,0.7965322441395422,0.0,0.0,20234.947223418683,12812.68922449023,7422.257998928453
444,0.7965322441395422,0.0,0.0,19959.43200761897,12578.158230429013,7381.273777189956
445,0.7965322441395422,0.0,0.0,20117.13286688489,12719.791496671438,7397.341370213453
446,0.7965322441395422,0.0,0.0,20283.472012617367,12870.063049380418,7413.408963236949
447,0.7965322441395422,0.0,0.0,20458.60940549644,13029.132849235997,7429.476556260445
448,0.7965322441395422,0.0,0.0,20642.66753850712,13276.483953482624,7366.183585024498
449,0.7965322441395422,0.0,0.0,20835.732932335137,13532.842318546587,7302.890613788551
450,0.7965322441395422,0.0,0.0,21037.857784163545,13798.26014161094,7239.597642552605
451,0.7965322441395422,0.0,0.0,21249.061933756184,14027.628177136718,7221.433756619466
452,0.7965322441395422,0.0,0.0,21469.3349914268,14266.065120740472,7203.269870686328
453,0.7965322441395422,0.0,0.0,21698.63771234449,14513.531727591302,7185.105984753189
454,0.7965322441395422,0.0,0.0,21936.90570887669,14749.946558863478,7186.959150013213
455,0.7965322441395422,0.0,0.0,22184.05016463896,14995.237849365727,7188.812315273234
456,0.7965322441395422,0.0,0.0,22439.960954136823,15249.295473603566,7190.665480533256
457,0.7965322441395422,0.0,0.0,22518.225069644595,15308.364973173651,7209.860096470945
458,0.7965322441395422,0.0,0.0,22601.654467494776,15372.599755086143,7229.054712408633
459,0.7965322441395422,0.0,0.0,22689.977415313377,15441.728086967056,7248.249328346321
460,0.7965322441395422,0.0,0.0,22782.90590549072,15525.964987244286,7256.940918246432
461,0.7965322441395422,0.0,0.0,22880.13620981412,15614.503701667578,7265.632508146543
462,0.7965322441395422,0.0,0.0,22981.34921981069,15707.025121764038,7274.324098046653
463,0.7965322441395422,0.0,0.0,23086.210779612786,15808.886596844608,7277.324182768177
464,0.7965322441395422,0.0,0.0,23194.37145473051,15914.04718724081,7280.324267489699
465,0.7965322441395422,0.0,0.0,23305.466357334728,16022.142005123505,7283.3243522112225
466,0.7965322441395422,0.0,0.0,23419.114294898693,16160.199034578058,7258.915260320636
467,0.7965322441395422,0.0,0.0,23534.9169047606,16300.410736330552,7234.50616843005
468,0.7965322441395422,0.0,0.0,23657.101099838383,16447.00402329892,7210.097076539464
469,0.7965322441395422,0.0,0.0,23261.119867013786,15941.203844949992,7319.916022063792
470,0.7965322441395422,0.0,0.0,22848.63611554347,15418.901147955348,7429.734967588122
471,0.7965322441395422,0.0,0.0,22419.98840421139,14880.43449109894,7539.5539131124515
472,0.7965322441395422,0.0,0.0,21975.511712730862,14651.55319410828,7323.95851862258
473,0.7965322441395422,0.0,0.0,21515.53662130362,14407.173497170912,7108.36312413271
474,0.7965322441395422,0.0,0.0,21040.388594442924,14147.620864800085,6892.767729642839
475,0.7965322441395422,0.0,0.0,20550.38652163546,13678.516564809677,6871.869956825784
476,0.7965322441395422,0.0,0.0,20045.84116333321,13194.868979324483,6850.972184008728
477,0.7965322441395422,0.0,0.0,19527.052696158466,12696.978284966794,6830.074411191673
478,0.7965322441395422,0.0,0.0,18994.3078581968,12112.3543277537,6881.953530443101
479,0.7965322441395422,0.0,0.0,18447.87600480513,11514.0433551106,6933.832649694529
480,0.7965322441395422,0.0,0.0,17888.004035112866,10902.292266166909,6985.711768945957
481,0.7965322441395422,0.0,0.0,16934.044056478255,9621.609541282156,7312.434515196099
482,0.7965322441395422,8322.614065098976,0.0,15961.771326545218,0.0,15961.771326545218
483,0.8,0.0,0.0,14972.181352172913,7006.301344476527,7965.880007696385
484,0.8,0.0,0.0,13966.331063757998,6051.431141636364,7914.899922121634
485,0.8,0.0,0.0,12945.350464489227,5081.430627942346,7863.919836546881
486,0.8,0.0,0.0,11910.45946139359,4097.51971042146,7812.939750972129
487,0.8,0.0,0.0,10862.993119910288,2956.4748664362005,7906.518253474088
488,0.8,0.0,0.0,9804.439924372156,1804.3431683961098,8000.096755976047
489,0.8,0.0,0.0,8736.501083146466,642.82582466846,8093.675258478006
490,0.8,0.0,540.3156206179201,7661.184338470445,0.0,7661.184338470445
491,0.7997748684914092,0.0,1728.3688683321461,6580.9557913665785,0.0,6580.9557913665785
492,0.7990547147962708,0.0,2918.15691178797,5498.992448521114,0.0,5498.992448521114
493,0.7978388160830258,0.0,3348.5435010819765,4944.669539943901,0.0,4944.669539943901
494,0.7964435896242416,0.0,3786.5439886182394,4382.732733124431,0.0,4382.732733124431
495,0.7948658629623173,0.0,4233.089393000533,3812.251009458931,-4.547473508864641e-13,3812.2510094589315
496,0.7931020757152337,0.0,4875.739286556003,3231.963431631942,4.547473508864641e-13,3231.9634316319416
497,0.7910705176791687,0.0,5321.45168542268,2848.613348493745,4.547473508864641e-13,2848.6133484937445
498,0.7888532461435759,0.0,5717.23616761441,2515.191182030494,0.0,2515.191182030494
499,0.7864710644070699,0.0,6214.7867760789795,2192.1123899028585,-4.547473508864641e-13,2192.112389902859
500,0.7838815699170371,0.0,6692.458018992493,1888.912963326278,-2.2737367544323206e-13,1888.9129633262783
501,0.7810930457424569,0.0,7118.042881628321,1637.7999170273863,2.2737367544323206e-13,1637.799917027386
502,0.7781271945417784,0.0,7792.111284864267,1105.834784437376,2.2737367544323206e-13,1105.8347844373757
503,0.7748804815064183,0.0,9040.04933994758,0.0,0.0,0.0
504,0.7711137942814401,0.0,9182.152610593515,0.0,0.0,0.0
505,0.7672878973603595,0.0,9219.178665123867,0.0,0.0,0.0
506,0.7634465729165579,0.0,9256.20471965422,0.0,0.0,0.0
507,0.7595898209500354,0.0,9293.230774184573,0.0,0.0,0.0
508,0.7557176414607918,0.0,9265.997591186857,0.0,0.0,0.0
509,0.7518568091311306,0.0,9238.76440818914,0.0,0.0,0.0
510,0.7480073239610519,0.0,9211.531225191424,0.0,0.0,0.0
511,0.7441691859505555,0.0,8976.249720200283,0.0,0.0,0.0
512,0.7404290819004721,0.0,8740.968215209143,0.0,0.0,0.0
513,0.7367870118108016,0.0,8505.686710218002,0.0,0.0,0.0
514,0.7332429756815442,0.0,8589.995763220762,0.0,0.0,0.0
515,0.7296638107802021,0.0,8674.304816223523,0.0,0.0,0.0
516,0.7260495171067757,0.0,8758.613869226283,0.0,0.0,0.0
517,0.7224000946612648,0.0,8841.777734278023,0.0,0.0,0.0
518,0.7187160206053156,0.0,8924.941599329763,0.0,0.0,0.0
519,0.7149972949389282,0.0,9008.105464381504,0.0,0.0,0.0
520,0.7112439176621025,0.0,9192.042693443267,0.0,0.0,0.0
521,0.7074138998731678,0.0,9375.979922505036,0.0,0.0,0.0
522,0.7035072415721241,0.0,9559.917151566802,0.0,0.0,0.0
523,0.6995239427589712,0.0,9360.874377519653,0.0,0.0,0.0
524,0.6956235784350047,0.0,9161.831603472505,0.0,0.0,0.0
525,0.6918061486002245,0.0,8962.788829425353,0.0,0.0,0.0
526,0.6880716532546306,0.0,9032.530012577574,0.0,0.0,0.0
527,0.6843080990827233,0.0,9102.27119572979,0.0,0.0,0.0
528,0.6805154860845025,0.0,9172.012378882016,0.0,0.0,0.0
529,0.6766938142599683,0.0,9251.341433442709,0.0,0.0,0.0
530,0.6728390886627005,0.0,9330.670488003409,0.0,0.0,0.0
531,0.6689513092926991,0.0,9409.9995425641,0.0,0.0,0.0
532,0.665030476149964,0.0,9402.865687413476,0.0,0.0,0.0
533,0.661112615446875,0.0,9395.731832262853,0.0,0.0,0.0
534,0.6571977271834322,0.0,9388.597977112227,0.0,0.0,0.0
535,0.6532858113596354,0.0,9496.914706687066,0.0,0.0,0.0
536,0.6493287635651824,0.0,9605.231436261904,0.0,0.0,0.0
537,0.6453265838000734,0.0,9713.548165836744,0.0,0.0,0.0
538,0.641279272064308,0.0,9705.723184150818,0.0,0.0,0.0
539,0.6372352207375785,0.0,9697.898202464892,0.0,0.0,0.0
540,0.6331944298198848,0.0,9690.073220778968,0.0,0.0,0.0
541,0.629156899311227,0.0,9606.137570900268,0.0,0.0,0.0
542,0.6251543419900185,0.0,9522.201921021571,0.0,0.0,0.0
543,0.6211867578562595,0.0,9438.266271142871,0.0,0.0,0.0
544,0.6172541469099501,0.0,9448.708123327204,0.0,0.0,0.0
545,0.613317185191897,0.0,9459.149975511533,0.0,0.0,0.0
546,0.6093758727021006,0.0,9469.591827695864,0.0,0.0,0.0
547,0.6054302094405607,0.0,9466.095146835807,0.0,0.0,0.0
548,0.601486003129379,0.0,9462.598465975752,0.0,0.0,0.0
549,0.5975432537685558,0.0,9459.101785115696,0.0,0.0,0.0
550,0.5936019613580908,0.0,9445.19316764582,0.0,0.0,0.0
551,0.5896664642049051,0.0,9431.284550175942,0.0,0.0,0.0
552,0.5857367623089984,0.0,9417.375932706063,0.0,0.0,0.0
553,0.5818128556703709,0.0,9398.53125780154,0.0,0.0,0.0
554,0.5778968009796203,0.0,9379.686582897011,0.0,0.0,0.0
555,0.5739885982367465,0.0,9360.841907992488,0.0,0.0,0.0
556,0.5700882474417497,0.0,9498.661366994284,0.0,0.0,0.0
557,0.5661304718721687,0.0,9636.48082599608,0.0,0.0,0.0
558,0.5621152715280037,0.0,9774.300284997878,0.0,0.0,0.0
559,0.5580426464092546,0.0,9660.432219616036,0.0,0.0,0.0
560,0.554017466317748,0.0,9546.564154234196,0.0,0.0,0.0
561,0.5500397312534837,0.0,9432.696088852352,0.0,0.0,0.0
562,0.5461094412164619,0.0,9507.853504505892,0.0,0.0,0.0
563,0.5421478355895845,0.0,9583.01092015943,0.0,0.0,0.0
564,0.5381549143728513,0.0,9658.168335812969,0.0,0.0,0.0
565,0.5341306775662626,0.0,9589.59462116631,0.0,0.0,0.0
566,0.5301350131407767,0.0,9521.02090651966,0.0,0.0,0.0
567,0.5261679210963935,0.0,9452.447191873003,0.0,0.0,0.0
568,0.5222294014331131,0.0,9485.792803474737,0.0,0.0,0.0
569,0.5182769877649986,0.0,9519.138415076462,0.0,0.0,0.0
570,0.5143106800920502,0.0,9552.484026678192,0.0,0.0,0.0
571,0.5103304784142676,0.0,9563.30145468556,0.0,0.0,0.0
572,0.5063457694748152,0.0,9574.118882692928,0.0,0.0,0.0
573,0.5023565532736932,13662.927315463588,0.0,0.0,0.0,0.0
574,0.5080494396551364,0.0,9634.530494342493,0.0,0.0,0.0
575,0.5040350519491603,0.0,9684.12467798469,0.0,0.0,0.0
